agency,fiscal_year,month,spending,calendar_month,calendar_year
Department of Health and Human Services,2015,1,94046514777.15001,10,2014
Department of Health and Human Services,2015,2,2698804561.8199997,11,2014
Department of Health and Human Services,2015,3,162969183952.23,12,2014
Department of Health and Human Services,2015,4,106866855811.64,1,2015
Department of Health and Human Services,2015,5,4146564374.6099997,2,2015
Department of Health and Human Services,2015,6,161747092391.26,3,2015
Department of Health and Human Services,2015,7,85794311988.84999,4,2015
Department of Health and Human Services,2015,8,3543792506.49,5,2015
Department of Health and Human Services,2015,9,170414835634.44998,6,2015
Department of Health and Human Services,2015,10,81956170702.97,7,2015
Department of Health and Human Services,2015,11,5795324144.56,8,2015
Department of Health and Human Services,2015,12,176625342730.44,9,2015
Department of Health and Human Services,2016,1,99635748074.38,10,2015
Department of Health and Human Services,2016,2,2284058369.01,11,2015
Department of Health and Human Services,2016,3,169796784599.2,12,2015
Department of Health and Human Services,2016,4,127002806464.84,1,2016
Department of Health and Human Services,2016,5,3018539147.0800004,2,2016
Department of Health and Human Services,2016,6,166663174282.19,3,2016
Department of Health and Human Services,2016,7,89584329462.23999,4,2016
Department of Health and Human Services,2016,8,5355391991.809999,5,2016
Department of Health and Human Services,2016,9,171913592412.89,6,2016
Department of Health and Human Services,2016,10,105180210920.75,7,2016
Department of Health and Human Services,2016,11,8299251185.13,8,2016
Department of Health and Human Services,2016,12,207073347112.82,9,2016
Department of Health and Human Services,2017,1,113268223641.8,10,2016
Department of Health and Human Services,2017,2,754946253.4100001,11,2016
Department of Health and Human Services,2017,3,161478454054.4,12,2016
Department of Health and Human Services,2017,4,125421904276.68999,1,2017
Department of Health and Human Services,2017,5,-1511946105.96,2,2017
Department of Health and Human Services,2017,6,209680612985.09,3,2017
Department of Health and Human Services,2017,7,89765856392.34,4,2017
Department of Health and Human Services,2017,8,4760590863.309999,5,2017
Department of Health and Human Services,2017,9,190920824990.05,6,2017
Department of Health and Human Services,2017,10,110706249692.76001,7,2017
Department of Health and Human Services,2017,11,10379207493.01,8,2017
Department of Health and Human Services,2017,12,198660806554.71997,9,2017
Department of Health and Human Services,2018,1,100672901146.56999,10,2017
Department of Health and Human Services,2018,2,2963407305.9,11,2017
Department of Health and Human Services,2018,3,167224759417.57,12,2017
Department of Health and Human Services,2018,4,127528777858.95,1,2018
Department of Health and Human Services,2018,5,15975893091.11,2,2018
Department of Health and Human Services,2018,6,207492133434.25,3,2018
Department of Health and Human Services,2018,7,102997117982.11,4,2018
Department of Health and Human Services,2018,8,11897809354.09,5,2018
Department of Health and Human Services,2018,9,202550719960.59998,6,2018
Department of Health and Human Services,2018,10,109949643580.81999,7,2018
Department of Health and Human Services,2018,11,11932600747.15,8,2018
Department of Health and Human Services,2018,12,171306979243.34003,9,2018
Department of Health and Human Services,2019,1,113126670139.0,10,2018
Department of Health and Human Services,2019,2,5206643171.559999,11,2018
Department of Health and Human Services,2019,3,192058349346.24,12,2018
Department of Health and Human Services,2019,4,149514269368.78998,1,2019
Department of Health and Human Services,2019,5,6675773692.070001,2,2019
Department of Health and Human Services,2019,6,189387617778.06,3,2019
Department of Health and Human Services,2019,7,111619380943.73,4,2019
Department of Health and Human Services,2019,8,4413168434.04,5,2019
Department of Health and Human Services,2019,9,219784602065.94,6,2019
Department of Health and Human Services,2019,10,110770601727.98,7,2019
Department of Health and Human Services,2019,11,11354726743.849998,8,2019
Department of Health and Human Services,2019,12,206818223895.08002,9,2019
Department of Health and Human Services,2020,1,121241475987.7,10,2019
Department of Health and Human Services,2020,2,7772169669.97,11,2019
Department of Health and Human Services,2020,3,204615587552.75998,12,2019
Department of Health and Human Services,2020,4,145238123659.8,1,2020
Department of Health and Human Services,2020,5,12055711235.420002,2,2020
Department of Health and Human Services,2020,6,217084995874.39,3,2020
Department of Health and Human Services,2020,7,342952739286.74,4,2020
Department of Health and Human Services,2020,8,107379066820.5,5,2020
Department of Health and Human Services,2020,9,104474353579.31,6,2020
Department of Health and Human Services,2020,10,259006385628.84003,7,2020
Department of Health and Human Services,2020,11,51866168438.83,8,2020
Department of Health and Human Services,2020,12,94568682371.45001,9,2020
Department of Health and Human Services,2021,1,251975358836.21,10,2020
Department of Health and Human Services,2021,2,40849228640.729996,11,2020
Department of Health and Human Services,2021,3,82442883955.05,12,2020
Department of Health and Human Services,2021,4,276516179032.85004,1,2021
Department of Health and Human Services,2021,5,89172280035.58002,2,2021
Department of Health and Human Services,2021,6,107688656602.10002,3,2021
Department of Health and Human Services,2021,7,285214913587.04,4,2021
Department of Health and Human Services,2021,8,51072115234.810005,5,2021
Department of Health and Human Services,2021,9,99043869550.83,6,2021
Department of Health and Human Services,2021,10,252340516125.45,7,2021
Department of Health and Human Services,2021,11,48371562947.840004,8,2021
Department of Health and Human Services,2021,12,94059642912.01001,9,2021
Department of Health and Human Services,2022,1,231072187308.18,10,2021
Department of Health and Human Services,2022,2,85638976652.74998,11,2021
Department of Health and Human Services,2022,3,93302093653.7,12,2021
Department of Health and Human Services,2022,4,287027892554.82,1,2022
Department of Health and Human Services,2022,5,76088031284.95,2,2022
Department of Health and Human Services,2022,6,81761095419.20999,3,2022
Department of Health and Human Services,2022,7,262689538738.29996,4,2022
Department of Health and Human Services,2022,8,40321633099.69,5,2022
Department of Health and Human Services,2022,9,101473741087.63,6,2022
Department of Health and Human Services,2022,10,240844801951.81998,7,2022
Department of Health and Human Services,2022,11,88031515438.41,8,2022
Department of Health and Human Services,2022,12,139251759034.15,9,2022
Department of Health and Human Services,2023,1,195661288238.83,10,2022
Department of Health and Human Services,2023,2,94984925221.33,11,2022
Department of Health and Human Services,2023,3,81688382313.3,12,2022
Department of Health and Human Services,2023,4,303713675041.41,1,2023
Department of Health and Human Services,2023,5,92353703255.46,2,2023
Department of Health and Human Services,2023,6,152555713814.18,3,2023
Department of Health and Human Services,2023,7,184486336819.85,4,2023
Department of Health and Human Services,2023,8,94320049291.78001,5,2023
Department of Health and Human Services,2023,9,177310154569.90002,6,2023
Department of Health and Human Services,2023,10,184425007587.36,7,2023
Department of Health and Human Services,2023,11,103605726084.48,8,2023
Department of Health and Human Services,2023,12,157801709850.4,9,2023
Department of Health and Human Services,2024,1,207969551883.47998,10,2023
Department of Health and Human Services,2024,2,93563509390.24,11,2023
Department of Health and Human Services,2024,3,94420718615.54001,12,2023
Department of Health and Human Services,2024,4,322601437919.08,1,2024
Department of Health and Human Services,2024,5,93372039918.58,2,2024
Department of Health and Human Services,2024,6,87087471935.5,3,2024
Department of Health and Human Services,2024,7,249918044375.34998,4,2024
Department of Health and Human Services,2024,8,164801885072.11002,5,2024
Department of Health and Human Services,2024,9,50561335252.06,6,2024
Department of Health and Human Services,2024,10,269228481359.18002,7,2024
Department of Health and Human Services,2024,11,157728241779.53,8,2024
Department of Health and Human Services,2024,12,63450610513.1,9,2024
Department of Health and Human Services,2025,1,276058896841.66,10,2024
Department of Health and Human Services,2025,2,145717855189.18,11,2024
Department of Health and Human Services,2025,3,49193801827.380005,12,2024
Department of Health and Human Services,2025,4,394812188341.48,1,2025
Department of Health and Human Services,2025,5,90433585670.32,2,2025
Department of Health and Human Services,2025,6,44356787701.659996,3,2025
Department of Health and Human Services,2025,7,258636916315.95,4,2025
Department of Health and Human Services,2025,8,171321006795.72998,5,2025
Department of Health and Human Services,2025,9,55951223353.020004,6,2025
Department of Health and Human Services,2025,10,304423308220.41003,7,2025
Department of Health and Human Services,2025,11,166844078622.96002,8,2025
Department of Health and Human Services,2025,12,66410440521.71001,9,2025
Social Security Administration,2015,1,79975667043.09,10,2014
Social Security Administration,2015,2,71709223346.35,11,2014
Social Security Administration,2015,3,82288433464.21,12,2014
Social Security Administration,2015,4,77406063453.89,1,2015
Social Security Administration,2015,5,78106791587.03001,2,2015
Social Security Administration,2015,6,74612784886.19,3,2015
Social Security Administration,2015,7,78454283108.62999,4,2015
Social Security Administration,2015,8,78698773541.81999,5,2015
Social Security Administration,2015,9,78886779103.03,6,2015
Social Security Administration,2015,10,82783689248.58,7,2015
Social Security Administration,2015,11,74675138412.51999,8,2015
Social Security Administration,2015,12,80046870029.12,9,2015
Social Security Administration,2016,1,79903864301.89,10,2015
Social Security Administration,2016,2,78425091886.4,11,2015
Social Security Administration,2016,3,84059371544.69,12,2015
Social Security Administration,2016,4,75448097274.8,1,2016
Social Security Administration,2016,5,80575669419.48,2,2016
Social Security Administration,2016,6,80594279599.81,3,2016
Social Security Administration,2016,7,84411607247.49,4,2016
Social Security Administration,2016,8,76703045523.87001,5,2016
Social Security Administration,2016,9,81242798122.26999,6,2016
Social Security Administration,2016,10,80378239141.86,7,2016
Social Security Administration,2016,11,81531541649.47,8,2016
Social Security Administration,2016,12,86451018549.44,9,2016
Social Security Administration,2017,1,77321235814.92,10,2016
Social Security Administration,2017,2,81228722187.31,11,2016
Social Security Administration,2017,3,85588153032.27,12,2016
Social Security Administration,2017,4,77755887946.73999,1,2017
Social Security Administration,2017,5,82552504557.23,2,2017
Social Security Administration,2017,6,87742168957.93001,3,2017
Social Security Administration,2017,7,78347451912.15,4,2017
Social Security Administration,2017,8,81928401995.93,5,2017
Social Security Administration,2017,9,87499828261.45,6,2017
Social Security Administration,2017,10,79150015819.5,7,2017
Social Security Administration,2017,11,83804397971.48999,8,2017
Social Security Administration,2017,12,88236012243.23,9,2017
Social Security Administration,2018,1,79862531321.55,10,2017
Social Security Administration,2018,2,84134332146.84999,11,2017
Social Security Administration,2018,3,88664955445.23999,12,2017
Social Security Administration,2018,4,81950009455.68001,1,2018
Social Security Administration,2018,5,86363849480.90999,2,2018
Social Security Administration,2018,6,89757317897.64,3,2018
Social Security Administration,2018,7,82970178710.58,4,2018
Social Security Administration,2018,8,87159209338.8,5,2018
Social Security Administration,2018,9,90850629371.83,6,2018
Social Security Administration,2018,10,83547457300.8,7,2018
Social Security Administration,2018,11,90458015764.87,8,2018
Social Security Administration,2018,12,85060962669.32,9,2018
Social Security Administration,2019,1,88259753691.92,10,2018
Social Security Administration,2019,2,92495633302.39001,11,2018
Social Security Administration,2019,3,88381779521.86,12,2018
Social Security Administration,2019,4,87824180261.24,1,2019
Social Security Administration,2019,5,91453539709.84001,2,2019
Social Security Administration,2019,6,90214809815.44,3,2019
Social Security Administration,2019,7,92155813884.68,4,2019
Social Security Administration,2019,8,96497239093.79,5,2019
Social Security Administration,2019,9,87333875057.29001,6,2019
Social Security Administration,2019,10,92627419545.84999,7,2019
Social Security Administration,2019,11,96820568639.66,8,2019
Social Security Administration,2019,12,88299893570.18001,9,2019
Social Security Administration,2020,1,93373506749.69,10,2019
Social Security Administration,2020,2,97274558492.98001,11,2019
Social Security Administration,2020,3,93558297288.29,12,2019
Social Security Administration,2020,4,95322349825.34999,1,2020
Social Security Administration,2020,5,95516252975.42,2,2020
Social Security Administration,2020,6,91034422072.76,3,2020
Social Security Administration,2020,7,96307950316.36,4,2020
Social Security Administration,2020,8,95984370759.47,5,2020
Social Security Administration,2020,9,96154344607.96,6,2020
Social Security Administration,2020,10,100686987619.65001,7,2020
Social Security Administration,2020,11,91930575118.84,8,2020
Social Security Administration,2020,12,98032655925.34,9,2020
Social Security Administration,2021,1,100349780519.72,10,2020
Social Security Administration,2021,2,93526436920.28,11,2020
Social Security Administration,2021,3,99336137698.56,12,2020
Social Security Administration,2021,4,95960388447.78,1,2021
Social Security Administration,2021,5,98741165160.37999,2,2021
Social Security Administration,2021,6,98784565192.26001,3,2021
Social Security Administration,2021,7,103278116910.26999,4,2021
Social Security Administration,2021,8,94551149301.73,5,2021
Social Security Administration,2021,9,99518425863.34999,6,2021
Social Security Administration,2021,10,103418573139.99002,7,2021
Social Security Administration,2021,11,95531140993.56,8,2021
Social Security Administration,2021,12,100588702762.81999,9,2021
Social Security Administration,2022,1,79464188897.1,10,2021
Social Security Administration,2022,2,120537249719.66,11,2021
Social Security Administration,2022,3,104309583358.65999,12,2021
Social Security Administration,2022,4,101453778698.68,1,2022
Social Security Administration,2022,5,106277359403.72,2,2022
Social Security Administration,2022,6,106782789280.12,3,2022
Social Security Administration,2022,7,111569088872.65999,4,2022
Social Security Administration,2022,8,102952988021.9,5,2022
Social Security Administration,2022,9,107395928899.36,6,2022
Social Security Administration,2022,10,107497840303.52,7,2022
Social Security Administration,2022,11,107922861705.75,8,2022
Social Security Administration,2022,12,112828633294.95,9,2022
Social Security Administration,2023,1,109359830986.77,10,2022
Social Security Administration,2023,2,103439062902.95001,11,2022
Social Security Administration,2023,3,113188219100.45999,12,2022
Social Security Administration,2023,4,113332429581.91,1,2023
Social Security Administration,2023,5,118669997274.67,2,2023
Social Security Administration,2023,6,123878353072.16,3,2023
Social Security Administration,2023,7,114924232557.45999,4,2023
Social Security Administration,2023,8,120009413603.95999,5,2023
Social Security Administration,2023,9,124784914043.93,6,2023
Social Security Administration,2023,10,115600049424.45,7,2023
Social Security Administration,2023,11,120605161886.27,8,2023
Social Security Administration,2023,12,125916934227.09,9,2023
Social Security Administration,2024,1,117023505624.18001,10,2023
Social Security Administration,2024,2,120889435288.5,11,2023
Social Security Administration,2024,3,126277843723.13,12,2023
Social Security Administration,2024,4,120687179536.47,1,2024
Social Security Administration,2024,5,125877947528.83,2,2024
Social Security Administration,2024,6,126907442106.13,3,2024
Social Security Administration,2024,7,127527866009.21,4,2024
Social Security Administration,2024,8,132448253680.63,5,2024
Social Security Administration,2024,9,123073946984.98,6,2024
Social Security Administration,2024,10,128078227992.09,7,2024
Social Security Administration,2024,11,133454940670.65001,8,2024
Social Security Administration,2024,12,124875916484.81,9,2024
Social Security Administration,2025,1,126892351142.94,10,2024
Social Security Administration,2025,2,137113167228.43001,11,2024
Social Security Administration,2025,3,129376804406.81999,12,2024
Social Security Administration,2025,4,132553338538.96999,1,2025
Social Security Administration,2025,5,133596782578.26,2,2025
Social Security Administration,2025,6,144527834327.34,3,2025
Social Security Administration,2025,7,137433363872.3,4,2025
Social Security Administration,2025,8,142632560765.81,5,2025
Social Security Administration,2025,9,135081015236.77,6,2025
Social Security Administration,2025,10,137604496604.24002,7,2025
Social Security Administration,2025,11,143220996632.66,8,2025
Social Security Administration,2025,12,134756407122.26,9,2025
Department of Defense,2015,1,21299178050.99,10,2014
Department of Defense,2015,2,21691458316.63,11,2014
Department of Defense,2015,3,24169594237.75,12,2014
Department of Defense,2015,4,19994025166.15,1,2015
Department of Defense,2015,5,22283432059.56,2,2015
Department of Defense,2015,6,30127738622.570004,3,2015
Department of Defense,2015,7,19156976833.3,4,2015
Department of Defense,2015,8,15969362781.289999,5,2015
Department of Defense,2015,9,21116076669.88,6,2015
Department of Defense,2015,10,21291298707.16,7,2015
Department of Defense,2015,11,20642541770.99,8,2015
Department of Defense,2015,12,42491116858.82,9,2015
Department of Defense,2016,1,20998953704.710003,10,2015
Department of Defense,2016,2,18889355905.62,11,2015
Department of Defense,2016,3,24977435886.21,12,2015
Department of Defense,2016,4,20695555087.16,1,2016
Department of Defense,2016,5,22644786836.21,2,2016
Department of Defense,2016,6,41705284327.61,3,2016
Department of Defense,2016,7,21577163934.66,4,2016
Department of Defense,2016,8,18720268691.45,5,2016
Department of Defense,2016,9,22548734901.989998,6,2016
Department of Defense,2016,10,21594044368.14,7,2016
Department of Defense,2016,11,26199350686.74,8,2016
Department of Defense,2016,12,44181862858.11,9,2016
Department of Defense,2017,1,19909393058.75,10,2016
Department of Defense,2017,2,22645557747.8,11,2016
Department of Defense,2017,3,26722935203.8,12,2016
Department of Defense,2017,4,23094667433.52,1,2017
Department of Defense,2017,5,21028304828.23,2,2017
Department of Defense,2017,6,32351992453.25,3,2017
Department of Defense,2017,7,19445578487.87,4,2017
Department of Defense,2017,8,20413540745.03,5,2017
Department of Defense,2017,9,34126380164.57,6,2017
Department of Defense,2017,10,30340226062.350002,7,2017
Department of Defense,2017,11,27462142913.48,8,2017
Department of Defense,2017,12,50443688324.42,9,2017
Department of Defense,2018,1,22222199315.8,10,2017
Department of Defense,2018,2,20447780813.52,11,2017
Department of Defense,2018,3,32027507875.68,12,2017
Department of Defense,2018,4,23686705177.43,1,2018
Department of Defense,2018,5,23609808576.84,2,2018
Department of Defense,2018,6,33033734719.629997,3,2018
Department of Defense,2018,7,27346453052.59,4,2018
Department of Defense,2018,8,31216226326.77,5,2018
Department of Defense,2018,9,33623857667.28,6,2018
Department of Defense,2018,10,24757007054.26,7,2018
Department of Defense,2018,11,30711648799.74,8,2018
Department of Defense,2018,12,63275245759.59,9,2018
Department of Defense,2019,1,25414680727.93,10,2018
Department of Defense,2019,2,42165231417.32,11,2018
Department of Defense,2019,3,38058544002.740005,12,2018
Department of Defense,2019,4,28569843298.96,1,2019
Department of Defense,2019,5,27879826964.05,2,2019
Department of Defense,2019,6,36539519914.799995,3,2019
Department of Defense,2019,7,30957952207.540005,4,2019
Department of Defense,2019,8,25072218256.97,5,2019
Department of Defense,2019,9,25310643386.45,6,2019
Department of Defense,2019,10,23696691388.24,7,2019
Department of Defense,2019,11,28158833603.47,8,2019
Department of Defense,2019,12,59385388453.810005,9,2019
Department of Defense,2020,1,21195083678.64,10,2019
Department of Defense,2020,2,41694947630.66,11,2019
Department of Defense,2020,3,40004730017.33,12,2019
Department of Defense,2020,4,29491546366.629997,1,2020
Department of Defense,2020,5,34258810068.809998,2,2020
Department of Defense,2020,6,56243171306.88,3,2020
Department of Defense,2020,7,39095418457.05,4,2020
Department of Defense,2020,8,28080943319.3,5,2020
Department of Defense,2020,9,33159123039.23,6,2020
Department of Defense,2020,10,26865341542.39,7,2020
Department of Defense,2020,11,27441096158.86,8,2020
Department of Defense,2020,12,54316870961.299995,9,2020
Department of Defense,2021,1,22260509789.76,10,2020
Department of Defense,2021,2,25289727813.219997,11,2020
Department of Defense,2021,3,35642961696.75,12,2020
Department of Defense,2021,4,33320219689.82,1,2021
Department of Defense,2021,5,34387830711.72,2,2021
Department of Defense,2021,6,46792910045.689995,3,2021
Department of Defense,2021,7,26833713553.04,4,2021
Department of Defense,2021,8,23755906656.790005,5,2021
Department of Defense,2021,9,31603322913.96,6,2021
Department of Defense,2021,10,31426303266.620003,7,2021
Department of Defense,2021,11,25207813345.69,8,2021
Department of Defense,2021,12,58773409119.32,9,2021
Department of Defense,2022,1,22127789876.350002,10,2021
Department of Defense,2022,2,31403070442.46,11,2021
Department of Defense,2022,3,38752556604.17,12,2021
Department of Defense,2022,4,31169918590.45,1,2022
Department of Defense,2022,5,24732975740.37,2,2022
Department of Defense,2022,6,38377584921.840004,3,2022
Department of Defense,2022,7,30735777559.95,4,2022
Department of Defense,2022,8,38217338454.58,5,2022
Department of Defense,2022,9,41325536862.350006,6,2022
Department of Defense,2022,10,31398689639.91,7,2022
Department of Defense,2022,11,37394173847.04,8,2022
Department of Defense,2022,12,58860838115.009995,9,2022
Department of Defense,2023,1,24086024742.12,10,2022
Department of Defense,2023,2,26060708495.03,11,2022
Department of Defense,2023,3,46382608804.33,12,2022
Department of Defense,2023,4,31996673517.86,1,2023
Department of Defense,2023,5,38645312909.35,2,2023
Department of Defense,2023,6,54082274755.509995,3,2023
Department of Defense,2023,7,40189745901.899994,4,2023
Department of Defense,2023,8,32379541994.31,5,2023
Department of Defense,2023,9,37163044097.65,6,2023
Department of Defense,2023,10,28803034163.100002,7,2023
Department of Defense,2023,11,40169551366.670006,8,2023
Department of Defense,2023,12,67175490348.34999,9,2023
Department of Defense,2024,1,23165203713.780003,10,2023
Department of Defense,2024,2,30320751348.52,11,2023
Department of Defense,2024,3,41323109024.520004,12,2023
Department of Defense,2024,4,23391513285.27,1,2024
Department of Defense,2024,5,27512265005.84,2,2024
Department of Defense,2024,6,34025449572.309998,3,2024
Department of Defense,2024,7,33333264486.11,4,2024
Department of Defense,2024,8,43300548078.08,5,2024
Department of Defense,2024,9,38270533883.76,6,2024
Department of Defense,2024,10,43808517836.45,7,2024
Department of Defense,2024,11,38253646248.28001,8,2024
Department of Defense,2024,12,79988258945.0,9,2024
Department of Defense,2025,1,29490049481.219997,10,2024
Department of Defense,2025,2,32899785388.86,11,2024
Department of Defense,2025,3,42443357906.93,12,2024
Department of Defense,2025,4,30497887141.45,1,2025
Department of Defense,2025,5,30727050199.730003,2,2025
Department of Defense,2025,6,37830429870.32,3,2025
Department of Defense,2025,7,38168042316.759995,4,2025
Department of Defense,2025,8,36410832544.12,5,2025
Department of Defense,2025,9,40509757062.84,6,2025
Department of Defense,2025,10,44578552495.92999,7,2025
Department of Defense,2025,11,44198566341.04,8,2025
Department of Defense,2025,12,93506929300.43,9,2025
Department of Veterans Affairs,2015,1,24044840728.640003,10,2014
Department of Veterans Affairs,2015,2,7547020416.58,11,2014
Department of Veterans Affairs,2015,3,14166101706.9,12,2014
Department of Veterans Affairs,2015,4,14134558547.93,1,2015
Department of Veterans Affairs,2015,5,13293602431.560001,2,2015
Department of Veterans Affairs,2015,6,14821662661.93,3,2015
Department of Veterans Affairs,2015,7,14491021708.119999,4,2015
Department of Veterans Affairs,2015,8,12950886265.289999,5,2015
Department of Veterans Affairs,2015,9,13872040827.71,6,2015
Department of Veterans Affairs,2015,10,13433009965.78,7,2015
Department of Veterans Affairs,2015,11,14497161070.96,8,2015
Department of Veterans Affairs,2015,12,16427620858.730001,9,2015
Department of Veterans Affairs,2016,1,24071421588.69,10,2015
Department of Veterans Affairs,2016,2,13876842172.14,11,2015
Department of Veterans Affairs,2016,3,14003271642.43,12,2015
Department of Veterans Affairs,2016,4,13856033406.6,1,2016
Department of Veterans Affairs,2016,5,14203262140.92,2,2016
Department of Veterans Affairs,2016,6,15935689088.14,3,2016
Department of Veterans Affairs,2016,7,21024447274.09,4,2016
Department of Veterans Affairs,2016,8,13342686363.11,5,2016
Department of Veterans Affairs,2016,9,14636125590.35,6,2016
Department of Veterans Affairs,2016,10,14731773500.92,7,2016
Department of Veterans Affairs,2016,11,15114126272.69,8,2016
Department of Veterans Affairs,2016,12,23277024058.14,9,2016
Department of Veterans Affairs,2017,1,21040849379.65,10,2016
Department of Veterans Affairs,2017,2,14560250842.849998,11,2016
Department of Veterans Affairs,2017,3,20830759368.29,12,2016
Department of Veterans Affairs,2017,4,14974832175.46,1,2017
Department of Veterans Affairs,2017,5,14626520550.59,2,2017
Department of Veterans Affairs,2017,6,23247855027.5,3,2017
Department of Veterans Affairs,2017,7,9163116606.5,4,2017
Department of Veterans Affairs,2017,8,14401297220.77,5,2017
Department of Veterans Affairs,2017,9,21675589112.91,6,2017
Department of Veterans Affairs,2017,10,8118102813.18,7,2017
Department of Veterans Affairs,2017,11,14973700576.73,8,2017
Department of Veterans Affairs,2017,12,25521674969.320004,9,2017
Department of Veterans Affairs,2018,1,15776715442.7,10,2017
Department of Veterans Affairs,2018,2,15242816879.38,11,2017
Department of Veterans Affairs,2018,3,21505025803.510002,12,2017
Department of Veterans Affairs,2018,4,8218643509.950001,1,2018
Department of Veterans Affairs,2018,5,14479783833.849998,2,2018
Department of Veterans Affairs,2018,6,23937848323.71,3,2018
Department of Veterans Affairs,2018,7,10043193100.76,4,2018
Department of Veterans Affairs,2018,8,15569556010.06,5,2018
Department of Veterans Affairs,2018,9,22106261197.85,6,2018
Department of Veterans Affairs,2018,10,9050685197.8,7,2018
Department of Veterans Affairs,2018,11,24263616070.769997,8,2018
Department of Veterans Affairs,2018,12,12845840539.88,9,2018
Department of Veterans Affairs,2019,1,23887170059.01,10,2018
Department of Veterans Affairs,2019,2,23394625206.71,11,2018
Department of Veterans Affairs,2019,3,16057020999.970001,12,2018
Department of Veterans Affairs,2019,4,9389278027.58,1,2019
Department of Veterans Affairs,2019,5,15860316783.900002,2,2019
Department of Veterans Affairs,2019,6,17185929425.93,3,2019
Department of Veterans Affairs,2019,7,17888320663.66,4,2019
Department of Veterans Affairs,2019,8,24694674618.460003,5,2019
Department of Veterans Affairs,2019,9,9287784480.01,6,2019
Department of Veterans Affairs,2019,10,18138969618.58,7,2019
Department of Veterans Affairs,2019,11,24995501789.7,8,2019
Department of Veterans Affairs,2019,12,12120780769.91,9,2019
Department of Veterans Affairs,2020,1,23347775322.83,10,2019
Department of Veterans Affairs,2020,2,24126586760.97,11,2019
Department of Veterans Affairs,2020,3,16306980820.49,12,2019
Department of Veterans Affairs,2020,4,17814442017.8,1,2020
Department of Veterans Affairs,2020,5,16068887346.14,2,2020
Department of Veterans Affairs,2020,6,9241192152.220001,3,2020
Department of Veterans Affairs,2020,7,17604571776.43,4,2020
Department of Veterans Affairs,2020,8,17420118013.48,5,2020
Department of Veterans Affairs,2020,9,16556775209.05,6,2020
Department of Veterans Affairs,2020,10,25815871616.730003,7,2020
Department of Veterans Affairs,2020,11,10651432474.77,8,2020
Department of Veterans Affairs,2020,12,31770314084.559998,9,2020
Department of Veterans Affairs,2021,1,33033812844.369995,10,2020
Department of Veterans Affairs,2021,2,8961115866.699999,11,2020
Department of Veterans Affairs,2021,3,27104411747.33,12,2020
Department of Veterans Affairs,2021,4,9955039959.689999,1,2021
Department of Veterans Affairs,2021,5,18751222526.34,2,2021
Department of Veterans Affairs,2021,6,22734335278.97,3,2021
Department of Veterans Affairs,2021,7,28192294837.21,4,2021
Department of Veterans Affairs,2021,8,10171049941.08,5,2021
Department of Veterans Affairs,2021,9,19252443226.989998,6,2021
Department of Veterans Affairs,2021,10,28099122519.01,7,2021
Department of Veterans Affairs,2021,11,14076113307.93,8,2021
Department of Veterans Affairs,2021,12,33904327288.469997,9,2021
Department of Veterans Affairs,2022,1,21975503129.739998,10,2021
Department of Veterans Affairs,2022,2,19907659875.7,11,2021
Department of Veterans Affairs,2022,3,29221393120.64,12,2021
Department of Veterans Affairs,2022,4,9915852493.73,1,2022
Department of Veterans Affairs,2022,5,19972454110.17,2,2022
Department of Veterans Affairs,2022,6,23218961448.98,3,2022
Department of Veterans Affairs,2022,7,30984989009.28,4,2022
Department of Veterans Affairs,2022,8,10743306271.25,5,2022
Department of Veterans Affairs,2022,9,21828908286.25,6,2022
Department of Veterans Affairs,2022,10,20926736084.37,7,2022
Department of Veterans Affairs,2022,11,27437330582.31,8,2022
Department of Veterans Affairs,2022,12,54583245489.71,9,2022
Department of Veterans Affairs,2023,1,16925579029.83,10,2022
Department of Veterans Affairs,2023,2,21436667036.97,11,2022
Department of Veterans Affairs,2023,3,33110304000.620003,12,2022
Department of Veterans Affairs,2023,4,15427463414.78,1,2023
Department of Veterans Affairs,2023,5,17841506623.54,2,2023
Department of Veterans Affairs,2023,6,28795136274.510002,3,2023
Department of Veterans Affairs,2023,7,4636403355.78,4,2023
Department of Veterans Affairs,2023,8,17069862006.66,5,2023
Department of Veterans Affairs,2023,9,31195571452.69,6,2023
Department of Veterans Affairs,2023,10,10237108178.810001,7,2023
Department of Veterans Affairs,2023,11,21384424402.879997,8,2023
Department of Veterans Affairs,2023,12,38827384549.81,9,2023
Department of Veterans Affairs,2024,1,6273711365.36,10,2023
Department of Veterans Affairs,2024,2,16863201005.55,11,2023
Department of Veterans Affairs,2024,3,33853761731.629997,12,2023
Department of Veterans Affairs,2024,4,4289977202.2200003,1,2024
Department of Veterans Affairs,2024,5,18419644761.340004,2,2024
Department of Veterans Affairs,2024,6,20064669918.95,3,2024
Department of Veterans Affairs,2024,7,17879507790.24,4,2024
Department of Veterans Affairs,2024,8,31901482031.46,5,2024
Department of Veterans Affairs,2024,9,17729629839.01,6,2024
Department of Veterans Affairs,2024,10,21273537324.56,7,2024
Department of Veterans Affairs,2024,11,35194341830.43,8,2024
Department of Veterans Affairs,2024,12,14656675755.2,9,2024
Department of Veterans Affairs,2025,1,21283031621.53,10,2024
Department of Veterans Affairs,2025,2,34135772098.03,11,2024
Department of Veterans Affairs,2025,3,24899246295.26,12,2024
Department of Veterans Affairs,2025,4,21730742112.109997,1,2025
Department of Veterans Affairs,2025,5,22661295631.34,2,2025
Department of Veterans Affairs,2025,6,6988838177.25,3,2025
Department of Veterans Affairs,2025,7,22145948337.0,4,2025
Department of Veterans Affairs,2025,8,35482678709.99,5,2025
Department of Veterans Affairs,2025,9,12523701755.3,6,2025
Department of Veterans Affairs,2025,10,29071664752.31,7,2025
Department of Veterans Affairs,2025,11,42243892814.35999,8,2025
Department of Veterans Affairs,2025,12,14785008113.26,9,2025
Department of Agriculture,2015,1,83804583705.67,10,2014
Department of Agriculture,2015,2,2213780768.6400003,11,2014
Department of Agriculture,2015,3,2841190861.73,12,2014
Department of Agriculture,2015,4,5395066916.64,1,2015
Department of Agriculture,2015,5,5683764158.09,2,2015
Department of Agriculture,2015,6,406174113.12,3,2015
Department of Agriculture,2015,7,10381741126.130001,4,2015
Department of Agriculture,2015,8,1896218078.85,5,2015
Department of Agriculture,2015,9,1611370709.3400002,6,2015
Department of Agriculture,2015,10,6791222961.589999,7,2015
Department of Agriculture,2015,11,3279792490.53,8,2015
Department of Agriculture,2015,12,5350235156.51,9,2015
Department of Agriculture,2016,1,83359232492.00002,10,2015
Department of Agriculture,2016,2,5196636637.72,11,2015
Department of Agriculture,2016,3,3570948275.83,12,2015
Department of Agriculture,2016,4,7804650989.05,1,2016
Department of Agriculture,2016,5,4608605892.290001,2,2016
Department of Agriculture,2016,6,2855303016.1600003,3,2016
Department of Agriculture,2016,7,8686102576.41,4,2016
Department of Agriculture,2016,8,2656724345.7700005,5,2016
Department of Agriculture,2016,9,1945179977.48,6,2016
Department of Agriculture,2016,10,7876203309.45,7,2016
Department of Agriculture,2016,11,2496965798.65,8,2016
Department of Agriculture,2016,12,3946679310.65,9,2016
Department of Agriculture,2017,1,82111917680.56,10,2016
Department of Agriculture,2017,2,3567519376.79,11,2016
Department of Agriculture,2017,3,3291261627.67,12,2016
Department of Agriculture,2017,4,9277523079.170002,1,2017
Department of Agriculture,2017,5,828992233.25,2,2017
Department of Agriculture,2017,6,416421578.92,3,2017
Department of Agriculture,2017,7,7545763818.469999,4,2017
Department of Agriculture,2017,8,1114658200.3799999,5,2017
Department of Agriculture,2017,9,1732213342.5900002,6,2017
Department of Agriculture,2017,10,8544146249.74,7,2017
Department of Agriculture,2017,11,2000642532.2099998,8,2017
Department of Agriculture,2017,12,3186081138.2300005,9,2017
Department of Agriculture,2018,1,25995335399.47,10,2017
Department of Agriculture,2018,2,7411011696.42,11,2017
Department of Agriculture,2018,3,8406998126.869999,12,2017
Department of Agriculture,2018,4,15253150912.29,1,2018
Department of Agriculture,2018,5,5928126104.23,2,2018
Department of Agriculture,2018,6,5142775176.09,3,2018
Department of Agriculture,2018,7,11044588773.069998,4,2018
Department of Agriculture,2018,8,8395119137.58,5,2018
Department of Agriculture,2018,9,6815399874.7,6,2018
Department of Agriculture,2018,10,12445594944.11,7,2018
Department of Agriculture,2018,11,7648117746.02,8,2018
Department of Agriculture,2018,12,8034668680.03,9,2018
Department of Agriculture,2019,1,20229103363.05,10,2018
Department of Agriculture,2019,2,7808688274.929998,11,2018
Department of Agriculture,2019,3,11307708745.81,12,2018
Department of Agriculture,2019,4,17085263414.01,1,2019
Department of Agriculture,2019,5,6207019086.44,2,2019
Department of Agriculture,2019,6,5018917293.53,3,2019
Department of Agriculture,2019,7,13871247232.310001,4,2019
Department of Agriculture,2019,8,6887062552.83,5,2019
Department of Agriculture,2019,9,6213545426.8099985,6,2019
Department of Agriculture,2019,10,13169314318.08,7,2019
Department of Agriculture,2019,11,6604604476.9800005,8,2019
Department of Agriculture,2019,12,8383580963.619999,9,2019
Department of Agriculture,2020,1,18801891330.89,10,2019
Department of Agriculture,2020,2,6905469999.92,11,2019
Department of Agriculture,2020,3,12819582969.189999,12,2019
Department of Agriculture,2020,4,6904319634.390001,1,2020
Department of Agriculture,2020,5,7189088121.08,2,2020
Department of Agriculture,2020,6,5530416870.349999,3,2020
Department of Agriculture,2020,7,24104631364.8,4,2020
Department of Agriculture,2020,8,15733809951.07,5,2020
Department of Agriculture,2020,9,18624603459.760002,6,2020
Department of Agriculture,2020,10,16539309556.640001,7,2020
Department of Agriculture,2020,11,13664903197.580002,8,2020
Department of Agriculture,2020,12,21333286657.42,9,2020
Department of Agriculture,2021,1,27970767413.48,10,2020
Department of Agriculture,2021,2,13596179564.410002,11,2020
Department of Agriculture,2021,3,8024402334.800001,12,2020
Department of Agriculture,2021,4,14030500183.000002,1,2021
Department of Agriculture,2021,5,18144456885.12,2,2021
Department of Agriculture,2021,6,14528993362.699999,3,2021
Department of Agriculture,2021,7,25794431340.849995,4,2021
Department of Agriculture,2021,8,16929139287.029999,5,2021
Department of Agriculture,2021,9,19761326932.18,6,2021
Department of Agriculture,2021,10,25596190530.19,7,2021
Department of Agriculture,2021,11,19784154178.769997,8,2021
Department of Agriculture,2021,12,20647746636.38,9,2021
Department of Agriculture,2022,1,27227360818.53,10,2021
Department of Agriculture,2022,2,14784965525.54,11,2021
Department of Agriculture,2022,3,17205559801.95,12,2021
Department of Agriculture,2022,4,23496908646.879997,1,2022
Department of Agriculture,2022,5,11008784122.679998,2,2022
Department of Agriculture,2022,6,12398615869.509998,3,2022
Department of Agriculture,2022,7,22970885260.09,4,2022
Department of Agriculture,2022,8,15240697677.119999,5,2022
Department of Agriculture,2022,9,15903573502.169998,6,2022
Department of Agriculture,2022,10,23029423810.850002,7,2022
Department of Agriculture,2022,11,17360753464.530003,8,2022
Department of Agriculture,2022,12,34208759043.519997,9,2022
Department of Agriculture,2023,1,25457549676.549995,10,2022
Department of Agriculture,2023,2,17607107131.15,11,2022
Department of Agriculture,2023,3,16273363329.61,12,2022
Department of Agriculture,2023,4,22834011335.77,1,2023
Department of Agriculture,2023,5,13472956069.88,2,2023
Department of Agriculture,2023,6,11496305055.87,3,2023
Department of Agriculture,2023,7,20558017889.479996,4,2023
Department of Agriculture,2023,8,12085643220.17,5,2023
Department of Agriculture,2023,9,10984998905.79,6,2023
Department of Agriculture,2023,10,20961925495.2,7,2023
Department of Agriculture,2023,11,16148437617.219997,8,2023
Department of Agriculture,2023,12,20133774471.74,9,2023
Department of Agriculture,2024,1,16913485030.189999,10,2023
Department of Agriculture,2024,2,15199024595.3,11,2023
Department of Agriculture,2024,3,9941140979.77,12,2023
Department of Agriculture,2024,4,22522293041.12,1,2024
Department of Agriculture,2024,5,8853524615.390001,2,2024
Department of Agriculture,2024,6,8142745094.09,3,2024
Department of Agriculture,2024,7,20526224899.16,4,2024
Department of Agriculture,2024,8,13564337115.91,5,2024
Department of Agriculture,2024,9,4931645547.469999,6,2024
Department of Agriculture,2024,10,23051320755.239998,7,2024
Department of Agriculture,2024,11,12818665044.55,8,2024
Department of Agriculture,2024,12,16524908350.25,9,2024
Department of Agriculture,2025,1,16162747101.780003,10,2024
Department of Agriculture,2025,2,15721891211.82,11,2024
Department of Agriculture,2025,3,11353236196.020002,12,2024
Department of Agriculture,2025,4,28993442284.82,1,2025
Department of Agriculture,2025,5,9572643050.36,2,2025
Department of Agriculture,2025,6,4507020338.21,3,2025
Department of Agriculture,2025,7,23259330981.87,4,2025
Department of Agriculture,2025,8,13173176482.96,5,2025
Department of Agriculture,2025,9,11340531037.419998,6,2025
Department of Agriculture,2025,10,21679408562.110004,7,2025
Department of Agriculture,2025,11,13830109183.729998,8,2025
Department of Agriculture,2025,12,15748396105.880001,9,2025
Department of Transportation,2015,1,2196838062.5,10,2014
Department of Transportation,2015,2,2117340828.3999999,11,2014
Department of Transportation,2015,3,2745217813.55,12,2014
Department of Transportation,2015,4,4119564851.16,1,2015
Department of Transportation,2015,5,6138325112.67,2,2015
Department of Transportation,2015,6,5296999773.18,3,2015
Department of Transportation,2015,7,4026991499.95,4,2015
Department of Transportation,2015,8,5162548178.07,5,2015
Department of Transportation,2015,9,4659412817.0,6,2015
Department of Transportation,2015,10,6055396752.179999,7,2015
Department of Transportation,2015,11,7800166798.610001,8,2015
Department of Transportation,2015,12,17263258127.88,9,2015
Department of Transportation,2016,1,653147600.52,10,2015
Department of Transportation,2016,2,5314436654.58,11,2015
Department of Transportation,2016,3,2285059952.48,12,2015
Department of Transportation,2016,4,2209171008.3399997,1,2016
Department of Transportation,2016,5,4904690783.62,2,2016
Department of Transportation,2016,6,4884090161.51,3,2016
Department of Transportation,2016,7,5298153701.34,4,2016
Department of Transportation,2016,8,4609767501.28,5,2016
Department of Transportation,2016,9,6882855887.41,6,2016
Department of Transportation,2016,10,5431970899.59,7,2016
Department of Transportation,2016,11,10476265354.27,8,2016
Department of Transportation,2016,12,17278122405.059998,9,2016
Department of Transportation,2017,1,1608292393.7199998,10,2016
Department of Transportation,2017,2,2589684294.96,11,2016
Department of Transportation,2017,3,2489785433.93,12,2016
Department of Transportation,2017,4,3899254030.17,1,2017
Department of Transportation,2017,5,3229057285.3799996,2,2017
Department of Transportation,2017,6,4455746229.2699995,3,2017
Department of Transportation,2017,7,3691282604.65,4,2017
Department of Transportation,2017,8,8282354399.17,5,2017
Department of Transportation,2017,9,7258670720.000001,6,2017
Department of Transportation,2017,10,5458632789.29,7,2017
Department of Transportation,2017,11,9959370376.68,8,2017
Department of Transportation,2017,12,15403457648.19,9,2017
Department of Transportation,2018,1,1945140385.23,10,2017
Department of Transportation,2018,2,4488261409.719999,11,2017
Department of Transportation,2018,3,3334954285.39,12,2017
Department of Transportation,2018,4,3207946676.9900002,1,2018
Department of Transportation,2018,5,2989640635.94,2,2018
Department of Transportation,2018,6,4251474567.2000003,3,2018
Department of Transportation,2018,7,4820696148.309999,4,2018
Department of Transportation,2018,8,6494442345.740001,5,2018
Department of Transportation,2018,9,6878888280.210001,6,2018
Department of Transportation,2018,10,9365520521.320002,7,2018
Department of Transportation,2018,11,11600602783.27,8,2018
Department of Transportation,2018,12,15546593418.99,9,2018
Department of Transportation,2019,1,2131389537.18,10,2018
Department of Transportation,2019,2,1878136687.4699998,11,2018
Department of Transportation,2019,3,2822082046.92,12,2018
Department of Transportation,2019,4,2482206711.41,1,2019
Department of Transportation,2019,5,3941839185.54,2,2019
Department of Transportation,2019,6,4050161088.2599998,3,2019
Department of Transportation,2019,7,6297817087.65,4,2019
Department of Transportation,2019,8,5610960826.4,5,2019
Department of Transportation,2019,9,7573617141.690001,6,2019
Department of Transportation,2019,10,10607667759.72,7,2019
Department of Transportation,2019,11,11230191908.79,8,2019
Department of Transportation,2019,12,15771317004.730001,9,2019
Department of Transportation,2020,1,1963272936.99,10,2019
Department of Transportation,2020,2,1632874211.3799999,11,2019
Department of Transportation,2020,3,2864557077.03,12,2019
Department of Transportation,2020,4,3693102590.0,1,2020
Department of Transportation,2020,5,8339143463.620001,2,2020
Department of Transportation,2020,6,6571952470.09,3,2020
Department of Transportation,2020,7,9336836529.11,4,2020
Department of Transportation,2020,8,24808807467.67,5,2020
Department of Transportation,2020,9,12450113166.27,6,2020
Department of Transportation,2020,10,11104649624.34,7,2020
Department of Transportation,2020,11,12905864800.23,8,2020
Department of Transportation,2020,12,17048692136.300001,9,2020
Department of Transportation,2021,1,979876316.36,10,2020
Department of Transportation,2021,2,3219333699.27,11,2020
Department of Transportation,2021,3,3100440170.33,12,2020
Department of Transportation,2021,4,4937258818.339999,1,2021
Department of Transportation,2021,5,7368331698.7,2,2021
Department of Transportation,2021,6,7667368184.6,3,2021
Department of Transportation,2021,7,10191267873.029999,4,2021
Department of Transportation,2021,8,7404397669.88,5,2021
Department of Transportation,2021,9,11314710443.119999,6,2021
Department of Transportation,2021,10,10360441599.13,7,2021
Department of Transportation,2021,11,22013409654.570004,8,2021
Department of Transportation,2021,12,19568299071.36,9,2021
Department of Transportation,2022,1,734526178.59,10,2021
Department of Transportation,2022,2,3898187948.0800004,11,2021
Department of Transportation,2022,3,11328580209.539999,12,2021
Department of Transportation,2022,4,14537486839.19,1,2022
Department of Transportation,2022,5,6155779090.78,2,2022
Department of Transportation,2022,6,6161006595.3,3,2022
Department of Transportation,2022,7,8020191944.49,4,2022
Department of Transportation,2022,8,10669274123.289999,5,2022
Department of Transportation,2022,9,9179808769.35,6,2022
Department of Transportation,2022,10,9731662994.439999,7,2022
Department of Transportation,2022,11,19156050006.660004,8,2022
Department of Transportation,2022,12,29774031089.829998,9,2022
Department of Transportation,2023,1,1072735696.3399999,10,2022
Department of Transportation,2023,2,3830390026.0899997,11,2022
Department of Transportation,2023,3,3461290227.2900004,12,2022
Department of Transportation,2023,4,4436464049.19,1,2023
Department of Transportation,2023,5,5909938463.669999,2,2023
Department of Transportation,2023,6,8028841528.74,3,2023
Department of Transportation,2023,7,7196655333.839999,4,2023
Department of Transportation,2023,8,12736998495.3,5,2023
Department of Transportation,2023,9,14853837174.679998,6,2023
Department of Transportation,2023,10,9498445742.77,7,2023
Department of Transportation,2023,11,15369680929.25,8,2023
Department of Transportation,2023,12,25848116967.899998,9,2023
Department of Transportation,2024,1,1167612811.35,10,2023
Department of Transportation,2024,2,4020877194.66,11,2023
Department of Transportation,2024,3,3856618225.2599998,12,2023
Department of Transportation,2024,4,5049398902.120001,1,2024
Department of Transportation,2024,5,9465156642.08,2,2024
Department of Transportation,2024,6,4325210683.35,3,2024
Department of Transportation,2024,7,8707157269.25,4,2024
Department of Transportation,2024,8,10042794367.679998,5,2024
Department of Transportation,2024,9,11158060823.699999,6,2024
Department of Transportation,2024,10,11310351622.8,7,2024
Department of Transportation,2024,11,14890350100.58,8,2024
Department of Transportation,2024,12,35343013854.909996,9,2024
Department of Transportation,2025,1,2185070555.0299997,10,2024
Department of Transportation,2025,2,10392192079.609999,11,2024
Department of Transportation,2025,3,13716905799.97,12,2024
Department of Transportation,2025,4,8675555749.619999,1,2025
Department of Transportation,2025,5,4662018265.01,2,2025
Department of Transportation,2025,6,6955813992.33,3,2025
Department of Transportation,2025,7,7323011177.41,4,2025
Department of Transportation,2025,8,11542756915.680002,5,2025
Department of Transportation,2025,9,10522641366.210001,6,2025
Department of Transportation,2025,10,9814978296.900002,7,2025
Department of Transportation,2025,11,19148226688.12,8,2025
Department of Transportation,2025,12,29941375023.850002,9,2025
Department of Education,2015,1,25763948721.75,10,2014
Department of Education,2015,2,1607250878.24,11,2014
Department of Education,2015,3,1711601645.8,12,2014
Department of Education,2015,4,9481410281.52,1,2015
Department of Education,2015,5,3985427779.93,2,2015
Department of Education,2015,6,3642424005.19,3,2015
Department of Education,2015,7,1633542934.29,4,2015
Department of Education,2015,8,1162151260.8600001,5,2015
Department of Education,2015,9,1908250609.0300002,6,2015
Department of Education,2015,10,13625113358.83,7,2015
Department of Education,2015,11,5387260940.22,8,2015
Department of Education,2015,12,7374154546.94,9,2015
Department of Education,2016,1,24774816449.98,10,2015
Department of Education,2016,2,2011350051.25,11,2015
Department of Education,2016,3,1521416459.3500001,12,2015
Department of Education,2016,4,9161823787.67,1,2016
Department of Education,2016,5,4083788145.01,2,2016
Department of Education,2016,6,3665183651.36,3,2016
Department of Education,2016,7,1564357345.67,4,2016
Department of Education,2016,8,1112837581.79,5,2016
Department of Education,2016,9,1340506194.5099998,6,2016
Department of Education,2016,10,14565406744.74,7,2016
Department of Education,2016,11,6174876240.2,8,2016
Department of Education,2016,12,6778451571.04,9,2016
Department of Education,2017,1,25698856426.36,10,2016
Department of Education,2017,2,1467168607.43,11,2016
Department of Education,2017,3,2798056502.91,12,2016
Department of Education,2017,4,6159872812.78,1,2017
Department of Education,2017,5,3409400479.05,2,2017
Department of Education,2017,6,1678958633.1100001,3,2017
Department of Education,2017,7,1112867231.22,4,2017
Department of Education,2017,8,3568288438.96,5,2017
Department of Education,2017,9,1473992998.6799998,6,2017
Department of Education,2017,10,13995805945.1,7,2017
Department of Education,2017,11,6442206461.220001,8,2017
Department of Education,2017,12,7157403575.02,9,2017
Department of Education,2018,1,25130001271.98,10,2017
Department of Education,2018,2,1209775011.3100002,11,2017
Department of Education,2018,3,1093081670.9499998,12,2017
Department of Education,2018,4,7451177318.610001,1,2018
Department of Education,2018,5,3910749931.3800006,2,2018
Department of Education,2018,6,2094929629.1100001,3,2018
Department of Education,2018,7,5184670120.389999,4,2018
Department of Education,2018,8,1748042735.49,5,2018
Department of Education,2018,9,1486488074.48,6,2018
Department of Education,2018,10,15943750981.710001,7,2018
Department of Education,2018,11,7473841038.8,8,2018
Department of Education,2018,12,6875687777.33,9,2018
Department of Education,2019,1,27662713527.17,10,2018
Department of Education,2019,2,1850747189.2900002,11,2018
Department of Education,2019,3,1272463198.73,12,2018
Department of Education,2019,4,6863756054.69,1,2019
Department of Education,2019,5,3600005246.9099994,2,2019
Department of Education,2019,6,2120785399.9800003,3,2019
Department of Education,2019,7,3500535378.34,4,2019
Department of Education,2019,8,2019592433.71,5,2019
Department of Education,2019,9,1988960803.86,6,2019
Department of Education,2019,10,16717208112.970001,7,2019
Department of Education,2019,11,5239184816.8,8,2019
Department of Education,2019,12,7458358663.190001,9,2019
Department of Education,2020,1,25050726743.58,10,2019
Department of Education,2020,2,1119145518.11,11,2019
Department of Education,2020,3,1409937704.35,12,2019
Department of Education,2020,4,10234129919.310001,1,2020
Department of Education,2020,5,3652355029.0,2,2020
Department of Education,2020,6,4054474374.01,3,2020
Department of Education,2020,7,9058719827.66,4,2020
Department of Education,2020,8,20474287572.53,5,2020
Department of Education,2020,9,4024148862.22,6,2020
Department of Education,2020,10,17627115522.109997,7,2020
Department of Education,2020,11,6542548883.41,8,2020
Department of Education,2020,12,7082600032.240001,9,2020
Department of Education,2021,1,24364944527.36,10,2020
Department of Education,2021,2,2306831147.43,11,2020
Department of Education,2021,3,1222302292.75,12,2020
Department of Education,2021,4,76187677362.61,1,2021
Department of Education,2021,5,13522223523.98,2,2021
Department of Education,2021,6,89054685018.6,3,2021
Department of Education,2021,7,2890471403.31,4,2021
Department of Education,2021,8,31843319301.58,5,2021
Department of Education,2021,9,7248218027.17,6,2021
Department of Education,2021,10,34152837461.6,7,2021
Department of Education,2021,11,20051905841.91,8,2021
Department of Education,2021,12,10216782498.539999,9,2021
Department of Education,2022,1,29840069716.670002,10,2021
Department of Education,2022,2,8539669764.08,11,2021
Department of Education,2022,3,5467802621.049999,12,2021
Department of Education,2022,4,6451880895.0,1,2022
Department of Education,2022,5,3383504367.48,2,2022
Department of Education,2022,6,3906858848.08,3,2022
Department of Education,2022,7,3155848905.21,4,2022
Department of Education,2022,8,1967683584.47,5,2022
Department of Education,2022,9,1761480065.65,6,2022
Department of Education,2022,10,19656499817.17,7,2022
Department of Education,2022,11,6920934737.66,8,2022
Department of Education,2022,12,7923168485.369999,9,2022
Department of Education,2023,1,24968598135.08,10,2022
Department of Education,2023,2,1076568448.9,11,2022
Department of Education,2023,3,1239322144.83,12,2022
Department of Education,2023,4,6148199923.2,1,2023
Department of Education,2023,5,6673807894.48,2,2023
Department of Education,2023,6,4386294162.61,3,2023
Department of Education,2023,7,1406420430.54,4,2023
Department of Education,2023,8,2359703120.9,5,2023
Department of Education,2023,9,2371131186.6400003,6,2023
Department of Education,2023,10,22536057274.010002,7,2023
Department of Education,2023,11,6743687087.77,8,2023
Department of Education,2023,12,6842955439.589999,9,2023
Department of Education,2024,1,25200542823.690002,10,2023
Department of Education,2024,2,2278951068.1,11,2023
Department of Education,2024,3,2287279903.9,12,2023
Department of Education,2024,4,7324909811.02,1,2024
Department of Education,2024,5,3708991638.6200004,2,2024
Department of Education,2024,6,4775625816.38,3,2024
Department of Education,2024,7,1457947449.84,4,2024
Department of Education,2024,8,4691272130.39,5,2024
Department of Education,2024,9,2338343785.69,6,2024
Department of Education,2024,10,22589135164.91,7,2024
Department of Education,2024,11,7258459192.87,8,2024
Department of Education,2024,12,8392163368.04,9,2024
Department of Education,2025,1,26770136371.21,10,2024
Department of Education,2025,2,1239110087.57,11,2024
Department of Education,2025,3,2461169889.9700003,12,2024
Department of Education,2025,4,9914094582.95,1,2025
Department of Education,2025,5,4262983479.71,2,2025
Department of Education,2025,6,2117634384.33,3,2025
Department of Education,2025,7,6828956780.67,4,2025
Department of Education,2025,8,2062660077.32,5,2025
Department of Education,2025,9,2122851586.53,6,2025
Department of Education,2025,10,21841692446.73,7,2025
Department of Education,2025,11,6408711137.23,8,2025
Department of Education,2025,12,9990147402.92,9,2025
Department of Energy,2015,1,3411259081.9100003,10,2014
Department of Energy,2015,2,492232825.03,11,2014
Department of Energy,2015,3,1912569731.24,12,2014
Department of Energy,2015,4,2231053663.49,1,2015
Department of Energy,2015,5,7255310751.150001,2,2015
Department of Energy,2015,6,2342290612.34,3,2015
Department of Energy,2015,7,2863069081.63,4,2015
Department of Energy,2015,8,1318155640.8000002,5,2015
Department of Energy,2015,9,714121513.88,6,2015
Department of Energy,2015,10,1808641399.8,7,2015
Department of Energy,2015,11,857770104.7399999,8,2015
Department of Energy,2015,12,649256757.2300001,9,2015
Department of Energy,2016,1,3535885041.69,10,2015
Department of Energy,2016,2,844117213.8100001,11,2015
Department of Energy,2016,3,1093802513.4199998,12,2015
Department of Energy,2016,4,3735320851.25,1,2016
Department of Energy,2016,5,3680693798.26,2,2016
Department of Energy,2016,6,7084682979.219999,3,2016
Department of Energy,2016,7,1382392640.95,4,2016
Department of Energy,2016,8,3200856290.71,5,2016
Department of Energy,2016,9,1655065275.5,6,2016
Department of Energy,2016,10,1316450517.02,7,2016
Department of Energy,2016,11,1188430801.54,8,2016
Department of Energy,2016,12,2086320748.8799999,9,2016
Department of Energy,2017,1,3503227556.99,10,2016
Department of Energy,2017,2,875563049.22,11,2016
Department of Energy,2017,3,6196106649.11,12,2016
Department of Energy,2017,4,2456338300.0899997,1,2017
Department of Energy,2017,5,1081829056.25,2,2017
Department of Energy,2017,6,845704421.44,3,2017
Department of Energy,2017,7,1020719352.3,4,2017
Department of Energy,2017,8,1029704206.97,5,2017
Department of Energy,2017,9,6467604800.97,6,2017
Department of Energy,2017,10,2338113912.4500003,7,2017
Department of Energy,2017,11,2955266926.14,8,2017
Department of Energy,2017,12,3192160577.65,9,2017
Department of Energy,2018,1,3593442724.23,10,2017
Department of Energy,2018,2,796287776.11,11,2017
Department of Energy,2018,3,1048770938.59,12,2017
Department of Energy,2018,4,2180202606.18,1,2018
Department of Energy,2018,5,3592989932.56,2,2018
Department of Energy,2018,6,1069772384.28,3,2018
Department of Energy,2018,7,7597187277.44,4,2018
Department of Energy,2018,8,3111154618.2799997,5,2018
Department of Energy,2018,9,3642458749.69,6,2018
Department of Energy,2018,10,5478304135.78,7,2018
Department of Energy,2018,11,2715795141.26,8,2018
Department of Energy,2018,12,3770208311.9900002,9,2018
Department of Energy,2019,1,12241785673.869999,10,2018
Department of Energy,2019,2,688021951.26,11,2018
Department of Energy,2019,3,3058323685.88,12,2018
Department of Energy,2019,4,5333482838.379999,1,2019
Department of Energy,2019,5,1698395330.48,2,2019
Department of Energy,2019,6,1415318306.46,3,2019
Department of Energy,2019,7,3799600099.1899996,4,2019
Department of Energy,2019,8,955672003.4200001,5,2019
Department of Energy,2019,9,952496184.1800001,6,2019
Department of Energy,2019,10,2408901964.42,7,2019
Department of Energy,2019,11,1547405812.28,8,2019
Department of Energy,2019,12,2898738301.98,9,2019
Department of Energy,2020,1,3274664936.7200003,10,2019
Department of Energy,2020,2,954553308.7900001,11,2019
Department of Energy,2020,3,2502176267.38,12,2019
Department of Energy,2020,4,9293865984.9,1,2020
Department of Energy,2020,5,4314434248.0,2,2020
Department of Energy,2020,6,4125909370.75,3,2020
Department of Energy,2020,7,4575205843.35,4,2020
Department of Energy,2020,8,1348863784.71,5,2020
Department of Energy,2020,9,1386611046.99,6,2020
Department of Energy,2020,10,2829579912.95,7,2020
Department of Energy,2020,11,1545077062.65,8,2020
Department of Energy,2020,12,3542652313.2,9,2020
Department of Energy,2021,1,4641848496.42,10,2020
Department of Energy,2021,2,976822535.64,11,2020
Department of Energy,2021,3,951144414.35,12,2020
Department of Energy,2021,4,11698681451.6,1,2021
Department of Energy,2021,5,4404138540.5,2,2021
Department of Energy,2021,6,4662139873.52,3,2021
Department of Energy,2021,7,3866723120.22,4,2021
Department of Energy,2021,8,1669213450.64,5,2021
Department of Energy,2021,9,1716301995.3300002,6,2021
Department of Energy,2021,10,2974595323.4500003,7,2021
Department of Energy,2021,11,2010606028.69,8,2021
Department of Energy,2021,12,2869672618.2400002,9,2021
Department of Energy,2022,1,5272764232.58,10,2021
Department of Energy,2022,2,839444972.85,11,2021
Department of Energy,2022,3,6163886373.900001,12,2021
Department of Energy,2022,4,2063900527.55,1,2022
Department of Energy,2022,5,1069780000.68,2,2022
Department of Energy,2022,6,2330355453.48,3,2022
Department of Energy,2022,7,11191094773.05,4,2022
Department of Energy,2022,8,3930359805.2699995,5,2022
Department of Energy,2022,9,2957471795.05,6,2022
Department of Energy,2022,10,3518859186.62,7,2022
Department of Energy,2022,11,3238809759.8199997,8,2022
Department of Energy,2022,12,4964682013.43,9,2022
Department of Energy,2023,1,5645399053.549999,10,2022
Department of Energy,2023,2,1851353506.8999999,11,2022
Department of Energy,2023,3,1061484182.0100001,12,2022
Department of Energy,2023,4,14203918470.369999,1,2023
Department of Energy,2023,5,5522311948.720001,2,2023
Department of Energy,2023,6,4837624831.7,3,2023
Department of Energy,2023,7,4107240827.6899996,4,2023
Department of Energy,2023,8,2716845821.5299997,5,2023
Department of Energy,2023,9,2513230517.04,6,2023
Department of Energy,2023,10,3541321116.4900002,7,2023
Department of Energy,2023,11,3530641147.0099998,8,2023
Department of Energy,2023,12,6451415242.859999,9,2023
Department of Energy,2024,1,4441082676.23,10,2023
Department of Energy,2024,2,2225324089.4,11,2023
Department of Energy,2024,3,6677236536.690001,12,2023
Department of Energy,2024,4,2536812622.44,1,2024
Department of Energy,2024,5,4630316537.93,2,2024
Department of Energy,2024,6,4506286068.639999,3,2024
Department of Energy,2024,7,12347464084.4,4,2024
Department of Energy,2024,8,3921457103.3199997,5,2024
Department of Energy,2024,9,4234475635.42,6,2024
Department of Energy,2024,10,5024345432.200001,7,2024
Department of Energy,2024,11,4811610292.85,8,2024
Department of Energy,2024,12,9152426082.85,9,2024
Department of Energy,2025,1,8005487023.54,10,2024
Department of Energy,2025,2,1785072368.6599998,11,2024
Department of Energy,2025,3,15107124336.5,12,2024
Department of Energy,2025,4,21883472577.57,1,2025
Department of Energy,2025,5,1428902167.58,2,2025
Department of Energy,2025,6,2254213701.65,3,2025
Department of Energy,2025,7,4891762416.400001,4,2025
Department of Energy,2025,8,9603529829.089998,5,2025
Department of Energy,2025,9,3172291909.34,6,2025
Department of Energy,2025,10,3560173793.3399997,7,2025
Department of Energy,2025,11,2962944826.87,8,2025
Department of Energy,2025,12,6643594689.88,9,2025
Department of Housing and Urban Development,2015,1,4229121860.7299995,10,2014
Department of Housing and Urban Development,2015,2,663653478.25,11,2014
Department of Housing and Urban Development,2015,3,3353322394.14,12,2014
Department of Housing and Urban Development,2015,4,3994476456.08,1,2015
Department of Housing and Urban Development,2015,5,2712514606.5,2,2015
Department of Housing and Urban Development,2015,6,14723966960.94,3,2015
Department of Housing and Urban Development,2015,7,3367855098.79,4,2015
Department of Housing and Urban Development,2015,8,389717996.55,5,2015
Department of Housing and Urban Development,2015,9,5330784887.84,6,2015
Department of Housing and Urban Development,2015,10,1574440763.9799998,7,2015
Department of Housing and Urban Development,2015,11,2363922450.93,8,2015
Department of Housing and Urban Development,2015,12,5408518285.67,9,2015
Department of Housing and Urban Development,2016,1,4563157124.71,10,2015
Department of Housing and Urban Development,2016,2,484631645.27,11,2015
Department of Housing and Urban Development,2016,3,4175915896.71,12,2015
Department of Housing and Urban Development,2016,4,2279269795.03,1,2016
Department of Housing and Urban Development,2016,5,2410165809.2899995,2,2016
Department of Housing and Urban Development,2016,6,16011595072.689999,3,2016
Department of Housing and Urban Development,2016,7,5147941282.76,4,2016
Department of Housing and Urban Development,2016,8,778541506.55,5,2016
Department of Housing and Urban Development,2016,9,1979353550.55,6,2016
Department of Housing and Urban Development,2016,10,711968729.25,7,2016
Department of Housing and Urban Development,2016,11,3985963639.32,8,2016
Department of Housing and Urban Development,2016,12,4547700213.949999,9,2016
Department of Housing and Urban Development,2017,1,3933341787.44,10,2016
Department of Housing and Urban Development,2017,2,1053051573.74,11,2016
Department of Housing and Urban Development,2017,3,5124541042.59,12,2016
Department of Housing and Urban Development,2017,4,9622883037.26,1,2017
Department of Housing and Urban Development,2017,5,4774661682.92,2,2017
Department of Housing and Urban Development,2017,6,4259266026.9900002,3,2017
Department of Housing and Urban Development,2017,7,3011840931.7000003,4,2017
Department of Housing and Urban Development,2017,8,1088953718.5500002,5,2017
Department of Housing and Urban Development,2017,9,8973209530.56,6,2017
Department of Housing and Urban Development,2017,10,2961561776.9,7,2017
Department of Housing and Urban Development,2017,11,1620977549.88,8,2017
Department of Housing and Urban Development,2017,12,7574081396.400001,9,2017
Department of Housing and Urban Development,2018,1,6915303283.57,10,2017
Department of Housing and Urban Development,2018,2,274948745.76,11,2017
Department of Housing and Urban Development,2018,3,5089424381.76,12,2017
Department of Housing and Urban Development,2018,4,2858360936.69,1,2018
Department of Housing and Urban Development,2018,5,2913786944.3399997,2,2018
Department of Housing and Urban Development,2018,6,4513075616.73,3,2018
Department of Housing and Urban Development,2018,7,2762888911.47,4,2018
Department of Housing and Urban Development,2018,8,8768514131.720001,5,2018
Department of Housing and Urban Development,2018,9,7183864205.77,6,2018
Department of Housing and Urban Development,2018,10,3583704828.799999,7,2018
Department of Housing and Urban Development,2018,11,8003554206.4800005,8,2018
Department of Housing and Urban Development,2018,12,4996709688.2300005,9,2018
Department of Housing and Urban Development,2019,1,4483456149.15,10,2018
Department of Housing and Urban Development,2019,2,342652127.88000005,11,2018
Department of Housing and Urban Development,2019,3,5667572746.04,12,2018
Department of Housing and Urban Development,2019,4,1674775378.2600002,1,2019
Department of Housing and Urban Development,2019,5,7678163604.059999,2,2019
Department of Housing and Urban Development,2019,6,-89138854.05999994,3,2019
Department of Housing and Urban Development,2019,7,3936295172.87,4,2019
Department of Housing and Urban Development,2019,8,13975074686.970001,5,2019
Department of Housing and Urban Development,2019,9,1283140346.25,6,2019
Department of Housing and Urban Development,2019,10,1022967405.2700001,7,2019
Department of Housing and Urban Development,2019,11,2399958522.25,8,2019
Department of Housing and Urban Development,2019,12,5653697071.04,9,2019
Department of Housing and Urban Development,2020,1,3962381115.42,10,2019
Department of Housing and Urban Development,2020,2,4691246311.0,11,2019
Department of Housing and Urban Development,2020,3,1891222975.08,12,2019
Department of Housing and Urban Development,2020,4,1770378439.5200005,1,2020
Department of Housing and Urban Development,2020,5,7185448788.32,2,2020
Department of Housing and Urban Development,2020,6,7476610153.87,3,2020
Department of Housing and Urban Development,2020,7,13361841390.130001,4,2020
Department of Housing and Urban Development,2020,8,2595763733.3599997,5,2020
Department of Housing and Urban Development,2020,9,2870740027.2,6,2020
Department of Housing and Urban Development,2020,10,1403182152.45,7,2020
Department of Housing and Urban Development,2020,11,3473605634.58,8,2020
Department of Housing and Urban Development,2020,12,6096751560.66,9,2020
Department of Housing and Urban Development,2021,1,4506622261.099999,10,2020
Department of Housing and Urban Development,2021,2,3099673994.8700004,11,2020
Department of Housing and Urban Development,2021,3,7958162328.250001,12,2020
Department of Housing and Urban Development,2021,4,5052998240.53,1,2021
Department of Housing and Urban Development,2021,5,7622810430.53,2,2021
Department of Housing and Urban Development,2021,6,11372643519.9,3,2021
Department of Housing and Urban Development,2021,7,10555608549.999998,4,2021
Department of Housing and Urban Development,2021,8,16879382092.929998,5,2021
Department of Housing and Urban Development,2021,9,930886335.8799999,6,2021
Department of Housing and Urban Development,2021,10,2060624329.1299996,7,2021
Department of Housing and Urban Development,2021,11,5496238869.73,8,2021
Department of Housing and Urban Development,2021,12,7594981578.120001,9,2021
Department of Housing and Urban Development,2022,1,1622939722.7100005,10,2021
Department of Housing and Urban Development,2022,2,9052481100.9,11,2021
Department of Housing and Urban Development,2022,3,-317534506.6700001,12,2021
Department of Housing and Urban Development,2022,4,4582989886.89,1,2022
Department of Housing and Urban Development,2022,5,973347979.3899999,2,2022
Department of Housing and Urban Development,2022,6,2367495420.17,3,2022
Department of Housing and Urban Development,2022,7,4462947269.679999,4,2022
Department of Housing and Urban Development,2022,8,14701829147.02,5,2022
Department of Housing and Urban Development,2022,9,7911751925.340001,6,2022
Department of Housing and Urban Development,2022,10,-142756853.20999998,7,2022
Department of Housing and Urban Development,2022,11,2683738943.0,8,2022
Department of Housing and Urban Development,2022,12,6957704414.13,9,2022
Department of Housing and Urban Development,2023,1,4492006959.51,10,2022
Department of Housing and Urban Development,2023,2,6007649478.37,11,2022
Department of Housing and Urban Development,2023,3,5960027579.490002,12,2022
Department of Housing and Urban Development,2023,4,73188126.56,1,2023
Department of Housing and Urban Development,2023,5,6825052605.04,2,2023
Department of Housing and Urban Development,2023,6,8161942736.16,3,2023
Department of Housing and Urban Development,2023,7,8663228948.68,4,2023
Department of Housing and Urban Development,2023,8,15648653295.33,5,2023
Department of Housing and Urban Development,2023,9,1058532788.02,6,2023
Department of Housing and Urban Development,2023,10,3473086162.94,7,2023
Department of Housing and Urban Development,2023,11,5916284412.74,8,2023
Department of Housing and Urban Development,2023,12,6611728406.03,9,2023
Department of Housing and Urban Development,2024,1,5153811213.37,10,2023
Department of Housing and Urban Development,2024,2,4715167144.28,11,2023
Department of Housing and Urban Development,2024,3,4279108511.93,12,2023
Department of Housing and Urban Development,2024,4,4540619726.2,1,2024
Department of Housing and Urban Development,2024,5,6328406760.5199995,2,2024
Department of Housing and Urban Development,2024,6,3981207039.69,3,2024
Department of Housing and Urban Development,2024,7,2795773597.5,4,2024
Department of Housing and Urban Development,2024,8,18168825395.83,5,2024
Department of Housing and Urban Development,2024,9,7487226935.6,6,2024
Department of Housing and Urban Development,2024,10,3258134612.46,7,2024
Department of Housing and Urban Development,2024,11,6530172615.36,8,2024
Department of Housing and Urban Development,2024,12,7686644966.53,9,2024
Department of Housing and Urban Development,2025,1,1903314426.6999998,10,2024
Department of Housing and Urban Development,2025,2,6471529495.58,11,2024
Department of Housing and Urban Development,2025,3,8268951156.629999,12,2024
Department of Housing and Urban Development,2025,4,8274312649.97,1,2025
Department of Housing and Urban Development,2025,5,-525474857.85,2,2025
Department of Housing and Urban Development,2025,6,4480287838.7,3,2025
Department of Housing and Urban Development,2025,7,3587130617.74,4,2025
Department of Housing and Urban Development,2025,8,17424799238.72,5,2025
Department of Housing and Urban Development,2025,9,6313534112.15,6,2025
Department of Housing and Urban Development,2025,10,2376795885.67,7,2025
Department of Housing and Urban Development,2025,11,8437578177.580001,8,2025
Department of Housing and Urban Development,2025,12,10722797484.75,9,2025
Department of Homeland Security,2015,1,1015311427.4,10,2014
Department of Homeland Security,2015,2,1610230580.3700001,11,2014
Department of Homeland Security,2015,3,1171502518.3999999,12,2014
Department of Homeland Security,2015,4,1076402912.27,1,2015
Department of Homeland Security,2015,5,1106707079.45,2,2015
Department of Homeland Security,2015,6,1785210297.21,3,2015
Department of Homeland Security,2015,7,1838828710.12,4,2015
Department of Homeland Security,2015,8,2114912787.99,5,2015
Department of Homeland Security,2015,9,2932827131.45,6,2015
Department of Homeland Security,2015,10,2840636945.07,7,2015
Department of Homeland Security,2015,11,3109842327.99,8,2015
Department of Homeland Security,2015,12,3744413671.39,9,2015
Department of Homeland Security,2016,1,999184633.36,10,2015
Department of Homeland Security,2016,2,2393628879.84,11,2015
Department of Homeland Security,2016,3,2258155300.5600004,12,2015
Department of Homeland Security,2016,4,1109625774.33,1,2016
Department of Homeland Security,2016,5,1457888329.8100002,2,2016
Department of Homeland Security,2016,6,1531595717.01,3,2016
Department of Homeland Security,2016,7,1448080211.1599998,4,2016
Department of Homeland Security,2016,8,1818509775.9899998,5,2016
Department of Homeland Security,2016,9,1897592811.45,6,2016
Department of Homeland Security,2016,10,3532429887.17,7,2016
Department of Homeland Security,2016,11,3639962175.9,8,2016
Department of Homeland Security,2016,12,4652606095.87,9,2016
Department of Homeland Security,2017,1,1795012287.1399999,10,2016
Department of Homeland Security,2017,2,1704152097.06,11,2016
Department of Homeland Security,2017,3,2187768827.92,12,2016
Department of Homeland Security,2017,4,1881727622.27,1,2017
Department of Homeland Security,2017,5,1231982239.65,2,2017
Department of Homeland Security,2017,6,1369081876.05,3,2017
Department of Homeland Security,2017,7,1222210016.0200002,4,2017
Department of Homeland Security,2017,8,1239808954.22,5,2017
Department of Homeland Security,2017,9,2069040488.14,6,2017
Department of Homeland Security,2017,10,2089397641.9599998,7,2017
Department of Homeland Security,2017,11,2386276665.44,8,2017
Department of Homeland Security,2017,12,9794601250.57,9,2017
Department of Homeland Security,2018,1,6875752460.59,10,2017
Department of Homeland Security,2018,2,4834081200.52,11,2017
Department of Homeland Security,2018,3,3466445567.31,12,2017
Department of Homeland Security,2018,4,2579475000.5699997,1,2018
Department of Homeland Security,2018,5,1947070222.57,2,2018
Department of Homeland Security,2018,6,3054747651.5000005,3,2018
Department of Homeland Security,2018,7,2545439350.1699996,4,2018
Department of Homeland Security,2018,8,2782423531.69,5,2018
Department of Homeland Security,2018,9,2395245665.42,6,2018
Department of Homeland Security,2018,10,2355402717.8,7,2018
Department of Homeland Security,2018,11,5104911839.86,8,2018
Department of Homeland Security,2018,12,6286328672.179999,9,2018
Department of Homeland Security,2019,1,1905326456.77,10,2018
Department of Homeland Security,2019,2,1919622504.39,11,2018
Department of Homeland Security,2019,3,2492835419.6800003,12,2018
Department of Homeland Security,2019,4,1298246995.95,1,2019
Department of Homeland Security,2019,5,1923664835.6699998,2,2019
Department of Homeland Security,2019,6,2540018930.9,3,2019
Department of Homeland Security,2019,7,1979558394.6699998,4,2019
Department of Homeland Security,2019,8,2362765550.88,5,2019
Department of Homeland Security,2019,9,2357662821.39,6,2019
Department of Homeland Security,2019,10,2718113268.89,7,2019
Department of Homeland Security,2019,11,4074129997.2099996,8,2019
Department of Homeland Security,2019,12,5779790272.96,9,2019
Department of Homeland Security,2020,1,1412299517.8500001,10,2019
Department of Homeland Security,2020,2,1484813851.65,11,2019
Department of Homeland Security,2020,3,1827587514.6000001,12,2019
Department of Homeland Security,2020,4,2205929689.2799997,1,2020
Department of Homeland Security,2020,5,2201668852.72,2,2020
Department of Homeland Security,2020,6,3681612738.26,3,2020
Department of Homeland Security,2020,7,4910776103.27,4,2020
Department of Homeland Security,2020,8,3213660509.5,5,2020
Department of Homeland Security,2020,9,3702633952.95,6,2020
Department of Homeland Security,2020,10,2867562028.22,7,2020
Department of Homeland Security,2020,11,24355545121.090004,8,2020
Department of Homeland Security,2020,12,41081816700.18,9,2020
Department of Homeland Security,2021,1,2577570242.2999997,10,2020
Department of Homeland Security,2021,2,2371662985.24,11,2020
Department of Homeland Security,2021,3,2462978082.71,12,2020
Department of Homeland Security,2021,4,11595619417.119999,1,2021
Department of Homeland Security,2021,5,1514061945.2700002,2,2021
Department of Homeland Security,2021,6,7051127441.809999,3,2021
Department of Homeland Security,2021,7,7782017228.089999,4,2021
Department of Homeland Security,2021,8,6062698162.429999,5,2021
Department of Homeland Security,2021,9,4720039819.670001,6,2021
Department of Homeland Security,2021,10,4502774583.689999,7,2021
Department of Homeland Security,2021,11,5360673884.6,8,2021
Department of Homeland Security,2021,12,9891660621.86,9,2021
Department of Homeland Security,2022,1,3079862611.3799996,10,2021
Department of Homeland Security,2022,2,2522350079.37,11,2021
Department of Homeland Security,2022,3,7327076127.01,12,2021
Department of Homeland Security,2022,4,4909571030.31,1,2022
Department of Homeland Security,2022,5,3409739790.4399996,2,2022
Department of Homeland Security,2022,6,4512297404.86,3,2022
Department of Homeland Security,2022,7,3377249817.23,4,2022
Department of Homeland Security,2022,8,4799327104.39,5,2022
Department of Homeland Security,2022,9,5486035012.05,6,2022
Department of Homeland Security,2022,10,5993724333.7300005,7,2022
Department of Homeland Security,2022,11,7031254350.910001,8,2022
Department of Homeland Security,2022,12,9707827592.4,9,2022
Department of Homeland Security,2023,1,6059432203.679999,10,2022
Department of Homeland Security,2023,2,2675804618.92,11,2022
Department of Homeland Security,2023,3,3708028345.17,12,2022
Department of Homeland Security,2023,4,4008386980.25,1,2023
Department of Homeland Security,2023,5,5170484237.369999,2,2023
Department of Homeland Security,2023,6,5923263020.369999,3,2023
Department of Homeland Security,2023,7,3157073548.3299994,4,2023
Department of Homeland Security,2023,8,6114463764.48,5,2023
Department of Homeland Security,2023,9,4389081845.29,6,2023
Department of Homeland Security,2023,10,5743268241.86,7,2023
Department of Homeland Security,2023,11,5369544563.67,8,2023
Department of Homeland Security,2023,12,9034404469.800001,9,2023
Department of Homeland Security,2024,1,5722824768.34,10,2023
Department of Homeland Security,2024,2,3696670365.58,11,2023
Department of Homeland Security,2024,3,4494242062.879999,12,2023
Department of Homeland Security,2024,4,4339321230.82,1,2024
Department of Homeland Security,2024,5,5327057582.18,2,2024
Department of Homeland Security,2024,6,3919126591.55,3,2024
Department of Homeland Security,2024,7,5311697384.290001,4,2024
Department of Homeland Security,2024,8,5120115945.110001,5,2024
Department of Homeland Security,2024,9,4454091748.030001,6,2024
Department of Homeland Security,2024,10,7182826633.970001,7,2024
Department of Homeland Security,2024,11,4031264031.4900002,8,2024
Department of Homeland Security,2024,12,8605702993.990002,9,2024
Department of Homeland Security,2025,1,14068124011.93,10,2024
Department of Homeland Security,2025,2,4587790426.200001,11,2024
Department of Homeland Security,2025,3,4924633774.48,12,2024
Department of Homeland Security,2025,4,12987749037.18,1,2025
Department of Homeland Security,2025,5,3782786826.38,2,2025
Department of Homeland Security,2025,6,2491825538.6499996,3,2025
Department of Homeland Security,2025,7,5765741783.509999,4,2025
Department of Homeland Security,2025,8,2520573977.06,5,2025
Department of Homeland Security,2025,9,1034519953.0300001,6,2025
Department of Homeland Security,2025,10,1562122830.6999998,7,2025
Department of Homeland Security,2025,11,3184627272.61,8,2025
Department of Homeland Security,2025,12,16408590963.01,9,2025
